{
  "project_info": {
    "project_number": "330721789258",
    "project_id": "hackeka-gb5ouy",
    "storage_bucket": "hackeka-gb5ouy.appspot.com"
  },
  "client": [
    {
      "client_info": {
        "mobilesdk_app_id": "1:330721789258:android:0600f4169bcd52ca292db3",
        "android_client_info": {
          "package_name": "com.mycompany.hackeka"
        }
      },
      "oauth_client": [],
      "api_key": [
        {
          "current_key": "AIzaSyAiaKtKxcVLjdgq2IED4UO3c2X_gL2gw8I"
        }
      ],
      "services": {
        "appinvite_service": {
          "other_platform_oauth_client": []
        }
      }
    }
  ],
  "configuration_version": "1"
}